Event Name, rain intensity for an hour
Rain Intensity (mm/hr) , 4.751294243, 4.751294243, 4.751294243, 4.751294243, 4.751294243, 4.751294243, 4.751294243, 4.751294243, 4.751294243, 4.751294243, 4.751294243, 4.751294243, 4.751294243, 4.751294243, 4.751294243, 4.751294243, 4.751294243, 4.751294243, 4.751294243, 4.751294243, 4.751294243, 4.751294243, 4.751294243, 0
Time Stop (seconds) , 3600, 7200, 10800, 14400, 18000, 21600, 25200, 28800, 32400, 36000, 43200, 46800, 50400, 54000, 57600, 61200, 64800, 68400, 72000, 75600, 79200, 82800, 86400  
Area (tlx tly brx bry)	,